Platform,Topic,General Opinion
Instagram,AI Integration in Social Media,"Excitement for AI features like AR filters and AI-generated content, privacy concerns"
WhatsApp,AI Integration in Social Media,"Appreciation for spam filtering and automated replies, data security concerns"
Twitter,AI Integration in Social Media,"Praise for content discovery enhancements, skepticism about influence and misinformation"
Instagram,Mental Health Awareness,"Positive engagement with mental health campaigns, supportive communities via features like Close Friends"
WhatsApp,Mental Health Awareness,"Useful for sharing resources and creating support groups, challenges with misinformation management"
Twitter,Mental Health Awareness,"Active participation in discussions, concerns about stigmatization and negative comments"
Instagram,Climate Change and Environmental Sustainability,"Positive reception to eco-friendly products and lifestyle tips, criticism of greenwashing"
WhatsApp,Climate Change and Environmental Sustainability,"Effective for organizing community actions, quick spread of misinformation"
Twitter,Climate Change and Environmental Sustainability,"High engagement in debates, polarized views, presence of misinformation"
Instagram,AI Integration in Social Media,"Influencers using AI for content creation are trending, some creative process concerns"
WhatsApp,AI Integration in Social Media,"Enhanced user experience with AI-driven chatbots, privacy issues noted"
Twitter,AI Integration in Social Media,"Mixed responses, enthusiasm for AI's potential, fears about algorithmic control"
Instagram,Mental Health Awareness,"Brands promoting mental well-being receive positive feedback, increased follower loyalty"
WhatsApp,Mental Health Awareness,"Mental health resources shared effectively, occasional misinformation issues"
Twitter,Mental Health Awareness,"Hashtags related to mental health trend often, mixed reactions to personal stories"
Instagram,Climate Change and Environmental Sustainability,"Environmental campaigns by influencers gain traction, criticism over authenticity"
WhatsApp,Climate Change and Environmental Sustainability,"Group messages effectively mobilize climate action, misinformation challenges"
Twitter,Climate Change and Environmental Sustainability,"Advocates vs. skeptics debates, high engagement on sustainability topics"
Instagram,AI Integration in Social Media,"AR and AI tools for better engagement, ongoing privacy debates"
WhatsApp,AI Integration in Social Media,"AI improvements in user interaction, data privacy concerns persist"
Twitter,AI Integration in Social Media,"Innovative AI uses praised, ethical concerns about data usage"
Instagram,Mental Health Awareness,"Supportive content gets high engagement, private story features used"
WhatsApp,Mental Health Awareness,"Effective support group formation, issues with accuracy of shared info"
Twitter,Mental Health Awareness,"Public discourse on mental health, some negative feedback and trolling"
Instagram,Climate Change and Environmental Sustainability,"Support for sustainable brands, skepticism about greenwashing efforts"
WhatsApp,Climate Change and Environmental Sustainability,"Effective for climate awareness campaigns, quick spread of false information"
Twitter,Climate Change and Environmental Sustainability,"Vigorous discussions on climate policies, mixed opinions"
Instagram,AI Integration in Social Media,"Growing use of AI in marketing strategies, privacy concerns highlighted"
WhatsApp,AI Integration in Social Media,"Users appreciate AI-powered enhancements, privacy concerns raised"
Twitter,AI Integration in Social Media,"Discussions on AI's impact on social media, concerns about misinformation"
